filename,label,speed,overall_vib_rms,log_vib_ratio,overall_shock_rms,log_shock_ratio,overall_vib_kurtosis,log_kurtosis_ratio,overall_vib_crest,log_crest_ratio
Train1.csv,Normal,0.4999,0.18796192249833352,0.09547746251515313,1.3732163698574578,-0.04136913186241429,3.307821694057037,0.07128531588483784,7.4979766226278475,0.017195699988959704
Train2.csv,Side II,0.5068,0.9435344547615523,-0.05658888278631121,1.6896065113244512,-0.09913805433809385,42.57091767530443,-0.1846589224352017,24.097537206629816,-0.26330864171634694
Train3.csv,Normal,0.5076,0.49741191214841746,-0.03200370166325744,1.633110775928503,-0.09273849099229478,23.006584985661785,0.11648990705013755,18.88881381482816,0.19239873655732823
Train4.csv,Normal,0.5087,0.47598052037701144,-0.248503525239764,1.5250381974862453,-0.046686575634950926,34.19992747207942,-1.3405886737683976,20.73207411032574,-0.5028418945631694
Train5.csv,Normal,1.0,0.06838878450224481,0.24589123455940262,1.4659616037765781,-0.10433440472999811,2.5732131500491864,-2.0273751006731953,5.515709178899986,-0.2131014117364118
Train6.csv,Normal,0.5043,0.3427829976250674,-0.13075564214317167,1.4840227837630446,-0.06746733777137601,10.090791272747829,-0.961765079616256,13.633337698747368,-0.13344939596881203
Train7.csv,Normal,0.5063,0.5233732670852472,-0.0237896640952373,1.4744603857442944,-0.06334076893370345,70.79039162997105,-0.07914831699907442,25.47355305980576,0.10353872912975297
Train8.csv,Normal,0.5062,0.3811650505894868,-0.008704790980174817,1.4049105054786581,-0.11226033115141337,17.341243603041583,-0.06456310331767749,17.719872483081307,-0.16335347426756727
Train9.csv,Normal,0.5051,0.3068354496933967,-0.16309349826776984,1.4012565814084392,-0.04854816489068841,12.243123772560683,-0.6599092983136208,15.070842295456647,-0.5788438464616076
Train10.csv,Normal,0.5056,0.23909822059716968,0.06184177572589747,1.4695785406164172,-0.05171006723696131,13.18499555132436,2.1933851259768704,14.412791202200005,0.6392105843411612
Train11.csv,Normal,1.0,0.06890174171319191,0.23499617758521255,1.577518067453016,-0.09898625568811768,2.3251297637842283,-2.5353620954169838,5.230075143327632,-0.3039890490721641
Train12.csv,Side II,0.5083,0.5363128011394445,-0.39893195760075284,1.5359349988581856,-0.14605775767328155,20.841795601666725,0.39851310115948685,15.321800944706899,0.5274340018202737
Train13.csv,Normal,1.0,0.06815346228430454,0.2515757424203341,1.4082467831034329,-0.13049499013049803,2.4737035721879366,-2.263790895131586,6.0957511185639515,-0.4951978250780844
Train14.csv,Normal,0.5077,0.4585794071296192,-0.08608177828670534,1.4490610582828798,-0.059557193008287414,47.70424172677854,-2.205650280430982,21.2966928865651,-0.6593160926171177
Train15.csv,Normal,0.5085,0.4784186430178371,0.16574075220597026,1.395842020977942,-0.07070522838575302,47.076819550497646,2.1472070193956077,21.860019509080594,0.794948393256638
Train16.csv,Normal,0.5018,0.2484162384079398,0.012402420575119123,1.4095535781524489,-0.05155032576276358,4.762635649134365,-0.7968331486858072,9.170797557242572,-0.22228477694794524
Train17.csv,Normal,0.509,0.547871487303705,-0.06277006950780134,1.7334832416784227,-0.1224613182991402,10.803919760345941,0.24557849542444116,15.148005055758524,-0.05935061500749003
Train18.csv,Normal,0.5061,0.3768314584871937,-0.027905580464256032,1.5592838230688661,-0.03277965765509895,8.478635044384458,0.024336132203803863,12.667866611906934,0.20506401853664236
Train19.csv,Normal,0.5243,0.06760545511617021,0.2566511781685973,1.3784137278959114,-0.0629570927876656,1.791771132449267,-2.6998952261375138,5.676489136872091,0.031030894283183695
Train20.csv,Normal,0.5035,0.39645550454233053,0.11769525505338761,1.4952007416788193,-0.07303106423974078,41.75730739560767,-0.4108544525346074,17.44232667686407,-0.2101233441961098
Train21.csv,Normal,0.5087,0.3501745033911247,-0.05220720763482045,1.4160447674723882,-0.11091500914534465,13.21624326971611,-2.1939206523100343,18.144543117383908,-0.9487364095696714
Train22.csv,Normal,0.5057,0.23819702092262723,0.15914289516306138,1.5303588421138539,-0.10035155304697893,30.33582092613356,1.398261034716627,19.79141330929456,0.5207087429156394
Train23.csv,Normal,1.0,0.06780398294836755,0.2587313456697379,1.4691791534298029,-0.041461672894048,2.149280881932973,-2.90784125756883,4.9191752868883905,-0.18462337351601593
Train24.csv,Normal,0.5046,0.17110811970243991,0.006132728907252955,1.392463724030106,-0.13568956958726797,5.633321135065124,-1.4589336245777798,11.210711543358896,-0.6098085066367062
Train25.csv,Normal,1.0,0.06842953567401024,0.24638387446461302,1.5374258450761715,-0.07111340717561669,2.3033490493862203,-4.111476392750654,5.830555647302704,-0.09223319463735462
Train26.csv,Side II,0.5043,0.9715586059279525,-0.10926377202979114,1.6143978610388565,-0.08582653744487352,4.179352664280354,0.3193821518143045,8.028774564693165,-0.056741407332015645
Train27.csv,Normal,1.0,0.068653619814955,0.2502698818881033,1.5254955709192073,-0.06308763359537674,2.503625626686997,-2.9333883035722623,5.203445612196001,-0.4261605483517676
Train28.csv,Normal,0.5088,0.6235981065561016,-0.15132265705420866,1.5350807977422427,-0.16077360713047517,10.803901420559704,-0.7673631069822119,14.578784522049489,-0.240853218935273
Train29.csv,Normal,0.5028,0.2913741690248568,-0.036751754404379104,1.3747146958001923,-0.07524997798368592,7.910828474974762,0.4118331251502347,12.140367220086535,0.4915737594826359
Train30.csv,Side II,0.5073,0.5002096249165969,-0.48439862998832034,1.501569002221667,-0.06483591128177064,23.906239347586364,-0.3811225429676961,14.009765871391416,0.07453791040711788
Train31.csv,Normal,0.5056,0.4817673112892082,-0.04583990257493767,1.4447045881802174,-0.09702030749127799,14.523530880120209,-0.2539329021163078,15.283530010598966,-0.264054575147927
Train32.csv,Normal,0.5025,0.24200436230933184,0.10670305145172614,1.4687985314597438,-0.1189230267708776,5.928918883361648,-0.13074244756963532,10.966820886353108,-0.24581585391444405
Train33.csv,Normal,0.5085,0.3632558392591018,-0.12379826116736498,1.5776598723403523,-0.09528916673574148,8.347788233004444,-1.2142482657107159,12.765454861879238,-0.4886910163751259
Train34.csv,Normal,0.503,0.2971047193496404,-0.0038124029544108697,1.5806634006395814,-0.08003971211034346,10.702270630362616,0.8439525618220025,13.701853020003156,-0.04117269296239832
Train35.csv,Normal,0.5031,0.3148731093070479,-0.1309276441352008,1.3869246966355355,-0.07768715683381563,7.878333615455298,-0.4636360871092401,12.324895468396608,-0.29926221075572523
Train36.csv,Normal,0.5026,0.23590763584822944,0.08835983574071143,1.4322778007168169,-0.06633006340918808,4.445406690040118,-0.4451062321105512,9.426419108163717,0.08191338253706844
Train37.csv,Normal,0.5071,0.3360914386371567,0.30594415007291603,1.4629882141662187,-0.077117909054224,8.806360687027436,1.0529151048843803,12.616810285212285,0.19505895422055622
Train38.csv,Normal,1.0,0.06747425998571568,0.2729177358399386,1.3242955176947873,-0.06396192262835101,2.472377722442226,-2.563128663704081,6.3163142699796735,-0.3907007714963221
Train39.csv,Normal,0.5034,0.13900795952265244,0.02798838139523847,1.487291502466948,-0.07156766066697524,1.4382655635709836,-0.17382238215562001,7.619307704853879,0.3918654641650257
Train40.csv,Normal,0.5053,0.3458885622051596,0.34509323415384735,1.5283561084506148,-0.06807384958210964,12.791047682449735,1.8090589637346062,12.438568632991563,0.11806886327517127
Train41.csv,Normal,0.5081,0.4890002912059666,0.22503776716371793,1.529418414096397,-0.08582488296289435,59.27280747924061,1.7637244939073746,27.472800972287327,0.33510373707225577
Train42.csv,Normal,0.5039,0.2517312670899505,0.07622162470273201,1.5092245542232545,-0.07695000834005768,43.74396926092015,-1.4533797968045616,16.603372109181386,-0.5323461127556658
Train43.csv,Side II,0.5082,0.7045221128915464,-0.014413211669609191,1.5184129727407663,-0.17098468953851048,13.165756660502566,0.06113095132217211,12.086940260447342,0.23626560722019924
Train44.csv,Normal,0.5084,0.49403535642889995,0.0005389941664718979,1.4910745597397494,-0.04944759062662625,27.007675364528446,-0.11371632815150368,15.888092765291386,-0.15011741238851212
Train45.csv,Normal,0.5089,0.4491245470091948,-0.06555778639476041,1.572034624073525,-0.0800837868348992,25.659841524466376,-0.25352686930198554,17.57825560589631,-0.02414683219051284
Train46.csv,Normal,0.5067,0.5060710111891591,0.002140645080847124,1.4907496969650627,-0.0861412177232831,22.31728467527977,-0.12398935499971973,15.896626224697108,-0.09020966362861249
Train47.csv,Normal,0.5104,0.7262741897448526,0.008385848984851467,1.6392210022266818,-0.16682257779838894,4.278029977008584,-0.5797495832556533,12.845800361417098,-0.4958776611848186
Train48.csv,Normal,0.9117,0.1481895793701112,-0.42772500641123695,1.4281106197601638,-0.07742493067288977,16.574261705397426,-1.959174511945052,8.394960075541272,-0.33739567377379764
Train49.csv,Normal,1.0,0.06829787203160678,0.24648173759139447,1.5341264604714373,-0.07867790594000927,2.281113068633494,-4.445004476463895,6.010452162604873,-0.30710635940782943
Train50.csv,Normal,0.5024,0.08483143577331945,0.11577570151127695,1.4472890494731305,-0.1122413817321364,3.268133276327067,-0.9582380796436273,8.977847823490613,0.06068073583027955
Train51.csv,Normal,0.5027,0.0706609549338198,0.22757849146434342,1.5206253815165107,-0.0980569480090651,2.19952831415376,-2.935154033047816,5.7552208038535575,-0.16695386964790862
Train52.csv,Normal,0.5015,0.1818688658699349,0.02315398304154873,1.4560344370954517,-0.07302263055886854,5.019592866291593,-0.170806072282884,10.291712667431803,-0.3798289269802812
Train53.csv,Side II,0.5104,0.7537044655735656,-0.3273834036227532,1.6858726214952031,-0.10966098735113725,8.551022119318144,0.610192918847795,12.774798963581931,0.6861733731607876
Train54.csv,Normal,0.5052,0.3676029489951256,-0.1027448504569714,1.4417013882885112,-0.0790429177110189,34.45341450495573,0.08852198484471781,24.02530893753443,0.298352243962576
Train55.csv,Normal,1.0,0.06832259419595813,0.24016020292394466,1.5009714727111563,-0.0863313523241511,1.965359465021164,-4.236519729555307,4.973715311082488,-0.20379255875306995
Train56.csv,Normal,0.5091,0.3343200862977054,0.07479927394088853,1.3820523182959779,-0.09935331565057501,10.474941882659136,-0.31297422172433687,15.303271072058317,-0.2720793146651791
Train57.csv,Normal,0.5041,0.28153799209331076,-0.04575944408216243,1.4854589467441142,-0.07993961134943098,27.38159212398431,1.8965773648760316,18.17553842852502,0.6923866090072147
Train58.csv,Normal,0.5037,0.271697411198459,-0.2668926750531962,1.4918312484626448,-0.09904027922092684,30.256192898468484,-0.8949833114607497,16.891104918152042,0.23986400266527685
Train59.csv,Normal,0.5044,0.2618606919270074,0.10191339251898453,1.454196805568465,-0.0603278198117643,35.75074395355581,0.2000149182197972,18.48517001830732,-0.1525571253377394
Train60.csv,Normal,0.5036,0.4113973852194811,-0.47785136624282953,1.5128060210573684,-0.11689812616197758,37.29066715279248,-1.0076523457304625,18.1741918591108,-0.3660926620459427
Train61.csv,Normal,0.5046,0.24321423232760714,-0.07858549161114016,1.4030452597138452,-0.03531825503217089,109.86571002956012,-0.6629037115447248,28.442718878134237,-0.027333527272597285
Train62.csv,Side I,0.5073,0.5589315905131822,0.20126502902313914,1.5112999377822254,-0.1064819212643621,29.57449530234974,0.49173528874208944,18.246229190839482,-0.19038878887900032
Train63.csv,Normal,0.5061,0.3139527687573527,0.15971422308582728,1.4102740017192215,-0.14504569671099068,11.030110484679884,1.2665085661160722,12.735848207993602,0.5043806348796162
Train64.csv,Normal,0.5024,0.09531915912847397,0.09959179301307537,1.437171287742132,-0.10173318058200873,14.39835999153741,1.3754680773453785,15.356074789400779,0.7321415508330166
Train65.csv,Normal,0.5065,0.35201188372581493,-0.05381538101573169,1.5431060871454438,-0.09595186324298781,29.94550655601869,-0.6131725918916846,21.373723239177288,-0.26079957379563723
Train66.csv,Normal,0.4998,0.43206720473700144,-0.34538242545837256,1.5690793647125572,-0.10662875588361934,37.97734461418624,-2.0201139001134187,19.17810763993837,-0.6738448339551716
Train67.csv,Normal,0.5036,0.2675742463816312,0.02606866947135879,1.5349260950184112,-0.07165462901337881,35.952197050081466,0.7980434525320336,15.70627091686406,0.3253292173665298
Train68.csv,Normal,0.5054,0.5144832334586081,0.07151618629404138,1.5800740430865958,-0.03494617350327474,14.352876712201692,-0.09702771611736402,15.60332212010355,0.03191940095420041
Train69.csv,Normal,0.849,0.06803789699234192,0.2503272435255174,1.3629825498891375,-0.11167586727143711,2.429323930353947,-2.565468108710538,5.307668628860914,-0.319320115012469
Train70.csv,Normal,0.5025,0.2384175339591339,0.10265520717803284,1.3816052398566714,-0.040171817867469164,36.26568583549396,1.2249355355200198,20.645317548911713,0.12326998709805356
Train71.csv,Normal,0.5018,0.2943528408368175,-0.10898461333633441,1.6356272671455427,-0.05702290996993574,12.903921968663433,-0.7134020115659823,17.477480525900575,-0.35758324234444483
Train72.csv,Side II,0.5094,0.843072340549712,-0.2503981331076484,1.804056812184192,-0.34934370063000364,4.096680596349148,0.19799767101330526,8.64515871509867,0.2589088227755571
Train73.csv,Normal,0.5045,0.2827333373391001,-0.21350399731133626,1.3557556379613558,-0.08560275432236986,27.466050653661966,-1.5103317931472788,14.486141963999174,-0.2809085968133242
Train74.csv,Normal,0.5076,0.5716260644367351,-0.052578595399132524,1.6015429789019127,-0.08046953490770321,60.15406786714864,0.24523937129134,25.021068164523626,0.10900381762327548
Train75.csv,Normal,1.0,0.06874126171322566,0.2416801400489649,1.5460345042545414,-0.0979904946325701,2.622683528347064,-2.4823038810082614,6.1188792141263555,0.02068412441852609
Train76.csv,Normal,0.5045,0.29643781046516193,-0.17116816917222524,1.5603798393621569,-0.08637703800335357,13.305044834016053,-0.5021715788249228,15.530217445220226,-0.11574437650052724
Train77.csv,Normal,0.5014,0.13664283778375685,0.10818727656980986,1.4359798733433906,-0.10072993522918486,25.81837542352203,-0.24297566854903743,21.46453953709412,-0.04149590207113778
Train78.csv,Normal,1.0,0.06737357202126083,0.2596663047107912,1.3909910105633942,-0.05685490979853819,2.06248023632416,0.0,4.951112922975438,-0.18555833255706938
Train79.csv,Normal,0.5033,0.2877303736998035,0.14359471749058256,1.3168069165412466,-0.07321414284088426,29.91050574423342,1.0061046365238704,14.702532854813843,0.19779153393305943
Train80.csv,Normal,0.5048,0.1752184277445423,0.023080612891091947,1.4147598970273687,-0.057880954151839484,2.8487173345022367,0.6723931563086415,13.658924352800158,0.39512352099450204
Train81.csv,Normal,0.5023,0.2511849575401306,0.07945039326424205,1.51134607600076,-0.11695887091312974,32.11603705869949,0.6921623286062701,21.803215662635743,0.20887913793466317
Train82.csv,Normal,0.509,0.3965337747174118,-0.1456035828923101,1.4171326642152713,-0.10348713519439838,18.262484358065386,-1.530688001117509,16.59791781715145,-0.6233897227051564
Train83.csv,Side I,0.508,0.49346012371640047,0.29134489690813514,1.550557758629072,-0.047361841098190284,28.52425862809215,0.8771140199932039,17.466020524278733,0.4059345209367206
Train84.csv,Normal,0.5064,0.3486991293797806,-0.0019189472774143693,1.4926246630077746,-0.08362181342318412,15.429643828882226,-0.20492793235591492,14.282506695240546,-0.07164361989960233
Train85.csv,Normal,0.5033,0.32534932108267034,-0.01633131337212663,1.520449888823027,-0.08109839611260918,6.906526041353706,0.3417565385574439,12.993122730406347,0.21349937828307577
Train86.csv,Normal,1.0,0.06851668728230301,0.24241904672608566,1.5303591762356294,-0.08686445473806201,2.2127584042132926,0.0,6.718838466692979,-0.5461014605243077
Train87.csv,Normal,0.5018,0.08825356365128761,0.21072349121180914,1.5409284068438436,-0.08608394601459785,3.683761011343886,0.8904895857436964,9.537443255259234,0.7351260429038904
Train88.csv,Normal,0.5036,0.2512305871870716,0.1740502284124449,1.419191247277738,-0.04739281852829743,50.146929807560454,1.5890185500959337,21.11792024610643,0.5360178296358377
Train89.csv,Normal,0.5112,0.8308063424758227,0.030471105097559476,1.590171657230266,-0.09668809307681626,2.9260929541674363,0.17105937729305867,11.825446485379146,0.2731417894264159
Train90.csv,Normal,1.0,0.0678226361906013,0.2510618720781341,1.4156611247073454,-0.05819034552028883,2.3957706882175067,-2.1988987812048975,4.993735436823495,-0.1418625801131421
Train91.csv,Normal,0.5026,0.24416520575939815,0.10711904522294013,1.4966799198844365,-0.0916517372135806,4.573399397325883,-0.11005826992164451,9.625760629426015,0.0904119302345432
Train92.csv,Normal,1.0,0.06803545446079765,0.2555167665361721,1.3958102226542177,-0.11435865919432972,2.4027337212296347,-2.1083832770934823,6.133946984320824,-0.5608984160873539
Train93.csv,Side II,0.5089,0.7120803286998079,-0.3715415283952289,1.6879489761238329,-0.07464163294099369,8.837486429863159,-0.12234475226776864,11.233469283699504,0.07130323716803552
Train94.csv,Normal,0.504,0.28917119026494875,-0.13005035559708175,1.4884179823939525,-0.08126851273814484,13.985108435462422,-1.3322221278942945,15.703989111756066,-0.6412146042268156
Train95.csv,Normal,0.5046,0.3107580288904186,-0.11609069728104318,1.4087801826623714,-0.04386952777319372,5.3120016804011145,-0.6080189795076089,9.597853018287367,-0.30800323066061447
Train96.csv,Normal,0.5054,0.31042052007205645,0.03383058626773241,1.458511951508187,-0.07577256654205035,29.903608809429464,1.452469428156713,19.75191365383218,0.5339707862541296
Train97.csv,Normal,0.5086,0.5014684015570678,0.08329491000886748,1.5791017308238935,-0.07579055241920869,15.29350711294565,-0.5079384935821051,15.546819906574392,-0.1634635067742804
Train98.csv,Normal,0.5039,0.2667651914907489,-0.18645231926108397,1.442531687675281,-0.07781472569387435,13.528216664532616,-0.7570461828254308,15.715675163224446,-0.5496199060158954
Train99.csv,Normal,0.5033,0.26515805854484265,-0.0520365823221995,1.443411460662032,-0.07367554112190074,27.017085391029806,-0.1061266689550248,18.385053493699388,0.16508027261468652
Train100.csv,Side I,0.5075,0.6266352836088598,0.08793164991158813,1.5718483736336948,-0.03535923406055867,13.511559940316504,-0.14623099344322052,12.121613985365423,-0.12822719008959726
Train101.csv,Normal,0.5041,0.21398721187469405,0.029185630652202237,1.4433980530897164,-0.08925257457649478,38.991325176887855,-0.6982018540528693,19.36358984385474,-0.38442585411527436
Train102.csv,Normal,0.5044,0.2363303263374525,0.03314651206107852,1.5135997426188206,-0.08337280602368174,3.6850634538688087,-0.7444629083752743,13.102473256499698,-0.31967584663305115
Train103.csv,Side II,0.5117,0.7282223895264877,-0.08245168685518568,1.6091123138920391,-0.2493229108011147,6.5817965677963,0.2424573225461095,10.803209918514504,0.03585940905311892
Train104.csv,Side II,0.5052,0.8483043366332561,-0.27782216357877765,1.5630435601409145,-0.13918093408732524,8.984691905986951,0.8412744049151203,12.43467370590422,0.44527680903239875
Train105.csv,Normal,0.5717,0.15938268924280885,0.014480231599179926,1.5372962455924764,-0.09868418460796538,4.953876700501041,0.07606285041117591,8.223537708212362,0.3331653056201582
Train106.csv,Side I,0.5072,0.6326440655432817,-0.0058661009146437106,1.6350669908505364,-0.08697846073106837,15.018147796331286,-0.09543437881863726,12.819461403070967,-0.1192026177911453
Train107.csv,Normal,0.5057,0.4751018730254679,0.0610344506630819,1.4715062031523511,-0.10184512082992467,42.16645383324823,0.20964688749518232,21.560107203163465,0.14660491411516244
Train108.csv,Normal,0.5078,0.5466455345696015,-0.09285587071729505,1.527677306125803,-0.10734750648718855,50.295155660424655,-0.37705278187355296,22.778437292331606,-0.12501062349607103
Train109.csv,Normal,0.5084,0.35425002653689375,0.028350145239344253,1.4951332222880729,-0.02891396480508111,2.5755083214224403,0.5155267216387082,8.019278069901588,0.16971976852274961
Train110.csv,Normal,0.5029,0.3017228024646142,0.1047939794806901,1.5836554435738086,-0.06719393529604124,23.603012827836572,1.6201914399473247,18.387315615767385,0.29794261397427024
Train111.csv,Side II,0.5098,0.7141731968946838,-0.30788860881785496,1.60583597300234,-0.15969286339439803,7.407964230833981,-0.760328833499922,11.783542048771075,-0.31800634473292294
Train112.csv,Normal,0.9602,0.068452300586267,0.2523834349126175,1.500075657347987,-0.06870421340302325,2.763850666823649,-1.8829475441360612,5.593957377320997,-0.18784491377504617
Train113.csv,Normal,0.5067,0.3597625259352959,0.06997396927741939,1.466369628939336,-0.05643961232715381,9.39311133029545,-0.07841307556120211,12.43531097601786,-0.15484018992066093
Train114.csv,Normal,0.5075,0.4984059947601355,0.010712177587445292,1.5500309654407438,-0.029294368605935022,9.95722177506492,0.44118028862609265,12.427823787208482,0.05828069389950607
Train115.csv,Normal,0.5057,0.4751018730254679,0.0610344506630819,1.4715062031523511,-0.10184512082992467,42.16645383324823,0.20964688749518232,21.560107203163465,0.14660491411516244
Train116.csv,Normal,0.5045,0.2412425583792814,-0.06816823590082022,1.4530968828510964,-0.06919553660929624,54.1562211821674,-0.2552348767494282,20.19159430541565,-0.2158734976199863
Train117.csv,Normal,0.5068,0.509937149563371,-0.08661441600240911,1.7033624623820216,-0.08810540326635581,71.88907500468078,0.3694933021856856,26.90852872279225,-0.05846403665253829
Train118.csv,Normal,0.5016,0.07040057206411372,0.22872121933159542,1.5535333172464838,-0.08572538624235829,1.9480687067207818,-2.4579742096971424,5.7571549568254,-0.107360362327328
Train119.csv,Normal,0.5071,0.4112366819638027,0.07410817479945615,1.5217289232385194,-0.1011109546252051,14.32512673449186,-0.2328359738885296,16.730482234031527,0.03593180658032913
Train120.csv,Normal,0.5026,0.10999371607438732,0.09514513127770813,1.3659074211329676,-0.006752185152103425,5.242916536068233,-0.9702748957703644,11.732099292473244,-0.2862003680404174
Train121.csv,Side I,0.5036,0.3504930150943063,0.41449291978527947,1.5936288604485536,-0.04178749304835466,35.173372702035124,1.9617165399169276,18.081486266999192,0.598658139467602
Train122.csv,Normal,0.5069,0.5281227363255474,-0.060138745726984355,1.8117603867378915,-0.03754129635211968,32.100376534905806,0.4205176688418051,17.438761104878324,0.08535574217834956
Train123.csv,Normal,0.5084,0.7684735402247331,0.04124576987124275,1.6552066387287985,-0.015108622729151014,35.641614467162704,-0.1983534259470498,19.133572307135417,-0.12275387446324175
Train124.csv,Normal,0.503,0.1906235886287661,-0.031513450239301084,1.4820919956281613,-0.10288654530120954,3.048356308373476,-0.49850684017539254,9.978417148725638,-0.5672240458495696
Train125.csv,Normal,0.504,0.1821131888378584,0.05715399442420375,1.401141742230422,-0.03887006217836797,27.41599318846051,-0.6573582652500514,20.34390594052811,-0.0011261629545411983
Train126.csv,Normal,0.5071,0.6097675240421538,-0.1200782491224895,1.533777563480268,0.002891657331459483,36.210189002536296,-1.9157444254705034,18.08813022001624,-0.709720451398222
Train127.csv,Side II,0.508,0.7420324327516572,-0.17236825886734877,1.6399740423023292,-0.11497790373175218,8.129589808567232,-0.12851456656742946,11.052819892747333,-0.26570509048778473
Train128.csv,Normal,0.5067,0.3864911738640452,-0.08946214427192704,1.4287750425724202,-0.09680385127233833,10.282849057667718,-0.5975001188042263,13.047854238070308,-0.15052505437183672
Train129.csv,Normal,0.5074,0.45239601538334234,-0.07367225599232227,1.5078064446836357,-0.09845085822892964,15.8581532584749,-0.4229687422202603,15.891718928529784,-0.004465948316820793
Train130.csv,Normal,0.5056,0.7919356688994148,-0.016916113247529833,1.6920067075735137,-0.04683229840046911,32.02947702156667,0.0774027164145863,18.136685828692666,-0.1764656076975228
Train131.csv,Normal,0.5028,0.13610732356098829,0.055635398576561045,1.4355548963746387,-0.15325428137982972,1.4420584672396592,-0.4023046789811439,7.980815670193289,0.011805882218971596
Train132.csv,Normal,0.5047,0.4439012206184568,-0.028134221835922346,1.537964420412964,-0.10782874772719181,25.133816652612495,-0.6774963714333481,19.616867692091116,-0.4341543702768595
Train133.csv,Normal,0.5086,0.4761985172213334,0.06848649576756315,1.5742708660663767,-0.061322764401473225,26.529062531904806,0.37001786712302615,17.811284127798956,0.015015226077764171
Train134.csv,Normal,0.5082,0.6925824410026864,-0.1445590297793462,1.7020992577227974,-0.04328220171952506,33.649542517859075,-1.1447528991029419,17.888816476696906,-0.2902480366128335
Train135.csv,Normal,0.5056,0.27746755231121406,-0.09218902547263158,1.3953566997559022,-0.13108662879460165,10.894542946893614,-1.3268469296971392,15.760246282483696,-0.5947661848393927
Train136.csv,Normal,0.508,0.4946332813618689,0.03999931515888246,1.5749239434547078,-0.09172140525907535,46.5078588158874,1.2755975959643748,24.80216498969783,0.4563237472404814
Train137.csv,Side I,0.5075,0.4779145867962231,0.09907395519741241,1.5153707952653903,-0.0646470349883192,34.17382093131715,1.0457661436219112,16.95992979014803,0.3070140118533426
Train138.csv,Normal,1.0,0.06869866463902707,0.2508517866610379,1.4996323145078776,-0.10899924766212282,2.5359135418370577,-2.132225012437348,5.43750746074342,-0.3175431611597102
Train139.csv,Normal,0.5035,0.28267986707999454,-0.024113229598255827,1.5321518365029956,-0.09407993121535917,60.5729677490113,-0.13692768433026759,22.215537113928608,-0.0167087649219993
Train140.csv,Normal,0.5026,0.2233012017130318,-0.06982848260028954,1.5085909970865512,-0.07618376500980978,16.611350130364684,-0.5542113709369202,17.45405795335184,0.0510191506427932
Train141.csv,Normal,0.5028,0.3358714081811785,-0.11908815423948307,1.5939596516316374,-0.058126938313935506,34.753310428851904,-0.4720088939354358,17.814544231765705,-0.16089929605125555
Train142.csv,Normal,0.8671,0.15747425861669945,-0.18856915847007724,1.4129053264251004,-0.04690285613531293,8.818328632820968,-1.0450559372373933,8.516071967660423,0.06970795559334829
Train143.csv,Normal,0.5068,0.610042683872668,0.08076417775172254,1.454813771438508,-0.0650182675431864,35.758666596964495,0.7365423897610345,19.408770478281532,0.3379461571064627
Train144.csv,Normal,0.5046,0.1921039028307196,0.05073808071742698,1.4554628516850685,-0.06364310662458106,3.8928363188299855,0.3152523127163772,10.912051417226177,-0.10322826333882376
Train145.csv,Normal,0.502,0.18507448828746098,-0.11963239354911692,1.5181925007326056,-0.08079094738385685,65.92773484581453,-1.0488387811418232,22.426753486909842,0.001849357892733208
Train146.csv,Normal,0.5062,0.6168665861191897,-0.057285965930325256,1.6958559022639728,-0.05164348736336919,42.29352647167371,-0.006992881395412501,20.228700249431178,-0.1553219304235509
Train147.csv,Normal,0.5051,0.21269878031766665,0.06226827901275824,1.4825438147701382,-0.036324724540484216,1.8104483182774076,-0.09513408585567693,6.989622074585963,-0.15286517436498492
Train148.csv,Normal,1.0,0.06803700624672135,0.2611028894634653,1.3973240715390263,-0.10410946919353466,2.3886310481931705,-2.172241767497345,5.474786156815615,-0.26110288946346544
Train149.csv,Normal,0.5047,0.3140714488654417,-0.07615339393930552,1.4048610718020285,-0.04566865300444194,10.208318171349292,1.0931782305725173,12.720275229827381,0.45344762508077363
Train150.csv,Side I,0.5073,0.6860700608981131,0.04021068853334988,1.6231308864142746,-0.10839769953657918,11.42225705313318,0.32701102495023676,11.903602747056716,0.07193058321636543
Train151.csv,Normal,0.5051,0.2025202386339507,0.0035347117198023126,1.5303421661175143,-0.12153790773925785,44.28791852946786,-1.5415533384332611,23.099480089121627,-0.7104210681630515
Train152.csv,Normal,0.5061,0.3605676280802148,0.08751577609702652,1.4963729856588586,-0.10076083584089728,4.823782461618364,0.5628183860742251,9.837961137034865,0.14334982131109347
Train153.csv,Normal,0.5034,0.2787054105369239,0.15897864591589655,1.5207472470701204,-0.08135705101940012,37.80609777675651,0.7756143879961375,19.81769431379596,0.11331850769640493
Train154.csv,Normal,0.505,0.48502977722949564,0.19522407677165957,1.4402126029562052,-0.056191307588559586,26.695299541275205,0.09957890293345256,20.97167606828831,-0.06862540034609108
Train155.csv,Normal,1.0,0.06791370437319955,0.2551791278338774,1.473900336560911,-0.042831248010991224,2.328179331229162,-2.6109844452588162,5.012252558014655,-0.2188114836630026
Train156.csv,Normal,0.5011,0.19620952843565434,0.008125244811009931,1.3744402422701114,-0.04697758671926199,4.6149894060989265,-0.3246642075988945,9.427764870890227,-0.1204544297849296
Train157.csv,Normal,1.0,0.06775924233992978,0.26654679821077554,1.3550512429450867,-0.0895227970492722,2.554334015508039,-2.5541739544382263,5.476860229546746,-0.19985542371210333
Train158.csv,Normal,0.5057,0.5159997671760499,-0.08907536216038825,1.639425786098025,-0.1109493033408512,18.55314642729055,0.027223275844255865,14.635359936994387,0.04699795765001645
Train159.csv,Normal,0.5049,0.23518496212313167,0.10159140089477196,1.3443996937511045,-0.13495661328024397,1.6118580151636324,-0.3610574716114436,7.429011479376909,-0.3136501197844888
Train160.csv,Normal,0.5059,0.4673359022814063,0.07944052706277954,1.6176873677513415,-0.10012462302266363,36.09715633634825,0.5682775424534392,21.97092762158448,0.021655589808589167
Train161.csv,Normal,1.0,0.06792593525469731,0.25439157652680316,1.4850839412206212,-0.05325990909169698,2.094123337596822,-2.1929858629747514,5.9009501490206535,-0.162018256395788
Train162.csv,Normal,1.0,0.06876188999241797,0.24796715542851747,1.5537849955084064,-0.07473003992108108,2.5399970602851063,-2.1538357324861237,5.882168785432097,-0.06564559863456294
Train163.csv,Side I,0.507,0.5401812413394131,0.1434490305844265,1.4832815836908604,-0.06925845039714988,23.251242971773106,0.31339610464869566,17.466940736815534,0.183335767881097
Train164.csv,Side II,0.5106,0.8517151797183672,-0.06338684006028324,1.6332535229480531,-0.27475939468456445,4.21455363971765,0.3019377720862309,9.821505485285272,-0.11332797397243555
Train165.csv,Normal,1.0,0.0686355819099046,0.240916187213957,1.5557025500170385,-0.08672386852321713,2.479555806569671,-2.2118349106471302,5.3339725207070385,-0.27481773888963823
Train166.csv,Normal,0.5039,0.17411976542977792,0.02106596831589897,1.5165324103558115,-0.05857455608295131,4.203698153795811,-0.911887663137047,12.350556887706151,-0.18049370524400096
Train167.csv,Normal,0.5069,0.3330555575477484,-0.09884673753476848,1.510115431538251,-0.07828751743426002,23.425501396054827,0.9368627166983974,19.446549005076562,0.51306637827718
Train168.csv,Normal,0.5052,0.47940204272757725,0.07668057338211623,1.5027874720530259,-0.07370711676574827,15.584118387610756,0.4941923985967595,15.127300948740434,0.03613868756338611
Train169.csv,Normal,0.5068,0.6383268085870542,-0.25547548302684003,1.4874920119424795,-0.16474680783197804,7.622557197139915,0.07522238177583891,12.780647311957724,0.40155202732583534
Train170.csv,Side I,0.5037,0.3402542118946408,0.31560964974626904,1.41814093020901,-0.01660482048094146,20.60614872079678,2.230990846223681,15.550389040578395,0.5295773919152432
Train171.csv,Normal,0.5029,0.07469320549051424,0.21341935556233654,1.3651003447367396,-0.1436782559947883,1.679576816771181,-1.0214592316562487,6.784323499375656,0.22189871569550906
Train172.csv,Normal,0.5045,0.28786786743947423,-0.20655725766673239,1.5874809766647706,-0.08996249120434135,12.363096511472353,0.30270299747266266,17.457721324414933,0.34273765846283183
Train173.csv,Normal,0.5072,0.45669550290062016,-0.06072045037152598,1.3807212060781207,-0.03717122393228055,16.478702502383435,0.41318771456948916,17.21731830587067,0.3243268652989167
Train174.csv,Normal,0.507,0.45253072428797136,0.027805458086089797,1.487907823408738,-0.03806295182905952,27.004372795558933,-0.16127100980963158,15.657170152392567,-0.1071574148859913
Train175.csv,Normal,0.5058,0.42479066519925024,0.20040423728142212,1.443522131282342,-0.07044313960765222,13.01371172635806,1.3432961315971197,15.130617548944247,0.5856366901712193
Train176.csv,Normal,0.5037,0.3906158020162278,-0.3687695343239594,1.5064695521142195,-0.0852143216602783,40.33193941481156,-0.967500953221884,19.18263243222607,-0.11934244959612937
Train177.csv,Normal,0.5057,0.6488237098897439,0.14446822993828823,1.5231440136890293,-0.11254480112595835,40.9844493634627,-0.36654828492423397,19.75881038754268,-0.15117002620430692
Train178.csv,Normal,1.0,0.0677882455367394,0.26097018475849715,1.4376336843788788,-0.02669337508818031,2.4660631804823003,-1.8137012362988947,5.718511918438599,0.11851943694640657
Train179.csv,Side II,0.5048,0.9538530469440121,-0.15623829123016642,1.6586435204944499,-0.14370900851884355,5.2383589454517985,0.3962543659560173,10.010169512853516,0.28699959898087346
Train180.csv,Side I,0.5069,0.627133875101083,-0.0031762852535050195,1.5975167650572042,-0.022083895671068478,26.600982691280365,0.7241787787440059,18.22536780320691,0.44393654681403566
Train181.csv,Normal,1.0,0.06825358286399734,0.2333769747213502,1.3814546477033591,-0.1605448489177446,2.082554126512532,0.0,5.013068056781313,-0.01826559510440482
Train182.csv,Normal,0.505,0.3186171162645717,-0.16307295827090942,1.4233473635040734,-0.08712346855660555,32.34132968133758,0.782055466448145,19.838041541556386,0.014005261431242241
Train183.csv,Normal,0.5066,0.4590477155509222,-0.09345268079853669,1.551176808223341,-0.08641996072852241,11.538061566563808,-0.09319940023215229,13.244619362257922,0.17818075127232463
Train184.csv,Normal,1.0,0.06796686681104439,0.25468806148268247,1.4936644671282642,-0.0679577333437024,2.374427578399599,-1.7723746913994445,6.03387002795716,-0.04496753050061341
Train185.csv,Side I,0.508,0.5745461444122664,-0.10414823408741242,1.6647598842104245,-0.056179423832175564,23.94797839572572,-0.8818632511391749,16.59215267486442,-0.2754237497638954
Train186.csv,Normal,0.5046,0.2698030196714912,0.0776211432485637,1.4121915375764578,-0.03561594367842809,39.29568576153426,1.2377224575149175,21.1583653945313,0.14936118437281187
Train187.csv,Normal,1.0,0.0686355819099046,0.240916187213957,1.5557025500170385,-0.08672386852321713,2.479555806569671,-2.2118349106471302,5.3339725207070385,-0.27481773888963823
Train188.csv,Side II,0.5073,0.5672970415863204,-0.7686100355907227,1.4082913556092507,-0.11734932446504091,26.241864046595644,-0.7605981603672615,13.883830414571403,-0.18047051910642328
Train189.csv,Normal,0.502,0.13847507434408354,0.06579513648204542,1.4898624222941248,-0.05019572576751502,4.481433758354675,-0.7828407937527945,13.289545112620193,-0.30695719329893356
Train190.csv,Normal,0.5071,0.49581590277962956,-0.23686515975856645,1.447160470152821,-0.13590379192581137,37.09179711424615,-0.6818008964171195,20.695813749978953,-0.22075146022173472
Train191.csv,Normal,1.0,0.06849882426417576,0.24773296215139393,1.5400176110944175,-0.07337361662722068,2.4484691749086847,-2.5903410427790745,5.609640143160901,-0.24773296215139384
Train192.csv,Normal,1.0,0.06775913440528668,0.250544444663944,1.4471448588808489,-0.06586398542456165,2.0413456226773823,-3.6338662377044346,5.581633543889907,0.0089667508211406
Train193.csv,Normal,0.5039,0.2827104601941965,0.03767394513005977,1.4647439688878117,-0.1178539759158366,39.88687953862808,-0.06065162591919003,19.666234562570047,-0.1080326260713061
Train194.csv,Side I,0.5061,0.8617180574683276,0.20966400474596678,1.7105509409641222,-0.045307074878931736,27.181304203248523,0.6044606175407345,17.64056415633447,0.33710629200431097
Train195.csv,Normal,0.5042,0.2439281766955812,0.19810030989402458,1.5819564281913638,-0.05610675784079188,19.36466012584875,1.2590878726675614,15.53776417883901,0.0989363677249767
Train196.csv,Normal,1.0,0.06769440166786796,0.2610623536967303,1.3613296337201128,-0.06341641371462726,2.3803324612726295,-2.5226413046087353,5.638268091700365,-0.13185062221672406
Train197.csv,Normal,0.5066,0.43048341754018865,-0.3622535639687677,1.5613445993703547,-0.08715334387220734,68.2969353112012,-0.1690081941148895,25.148830466853678,0.011058085794660992
Train198.csv,Side II,0.5074,0.5650929115373637,-0.48975400751656495,1.6424117167006593,-0.13336155994996518,12.024417684765416,-1.319838632094856,14.20877048470771,-0.12352813259959095
Train199.csv,Side II,0.5066,0.949301541909343,-0.14084865616020095,1.7289292847500817,-0.15228801753877713,8.050350371917553,0.7443198429859311,10.759320624335725,0.35093435055695404
Train200.csv,Normal,0.5028,0.07795577794941733,0.19201728848459773,1.5171565269613976,-0.07640972788011295,9.25080137312376,1.2130466928954775,11.338475378511863,0.7857585270402382
Train201.csv,Normal,0.5078,0.45584738393796115,-0.07573301330118493,1.5549968863441253,-0.05567328742109494,30.08108379858067,-0.040409608294561805,19.909622526440835,-0.25110833025906665
Train202.csv,Side I,0.5095,0.8107188198199224,-0.08097228080228952,1.7137103694823779,0.009016791178626015,23.042204784940175,-0.02759077850199899,18.060339766588893,-0.001609007965992432
Train203.csv,Normal,0.5042,0.3391133697048545,0.10870441964533337,1.3530227391585163,-0.10070578458001875,36.240329662177075,0.5482799165562392,16.042710833493576,0.06869101881256544
Train204.csv,Normal,0.5075,0.33991374533787433,0.12355209171022767,1.468713353532241,-0.09476953785711532,4.226015815132847,0.5149953679924477,10.780149773067485,0.1970467957546951
Train205.csv,Normal,0.5063,0.5618357680216584,0.13428426895224216,1.518796036244865,-0.06355194282026846,50.96534249721394,0.4061365718877227,24.39519641658129,0.07168290641705992
Train206.csv,Normal,1.0,0.06772634785124654,0.2609593841844648,1.3504398619678417,-0.0907625307004508,2.3772377588646147,-2.4400333909135377,6.025990457057738,-0.20033476236802997
Train207.csv,Side II,0.506,0.932202672463256,-0.1949584135503877,1.668442146118509,-0.13230960394181784,4.878040236106633,0.41021551282588803,9.66803580954214,0.3036563769843001
Train208.csv,Normal,0.5027,0.26557522101074094,0.1448611422003785,1.4404840342532865,-0.07606872456558297,38.697596090963295,0.6144434463388427,20.255720472480448,0.30476332470870504
Train209.csv,Normal,0.5045,0.33925650847422706,-0.12281254416322132,1.5104766545079409,-0.10675477193890437,26.11662792742157,0.11700328332610696,17.763288818026357,0.21053440075644972
Train210.csv,Normal,0.5068,0.42897802511217153,-0.0029124653661985966,1.393382156345595,-0.11109847148771741,15.36427529681091,-0.3289897835795294,17.45815038778472,0.027363561230363053
Train211.csv,Normal,0.5043,0.3198540516686571,0.07033183477685784,1.5698637126787527,-0.06858468370569719,25.977382972036835,1.1338037033777477,17.558389839858908,0.23948202940362084
Train212.csv,Normal,0.5041,0.5879682455373146,0.010680729857715347,1.6193456826704522,-0.06214616492650546,20.82830258330111,0.2362727175773662,16.91012606450404,0.00036910632886977176
Train213.csv,Side I,0.5043,0.48575967321421687,0.7745159502564107,1.3464800216653114,-0.05713438281106663,22.154721078163767,1.2380957739276657,15.28512098125854,0.11376174539007043
Train214.csv,Normal,0.5069,0.4260375129594177,-0.18252798551321547,1.4035311610274483,-0.11480611212142053,10.965633157344183,-1.2478191868729525,14.455991528042311,-0.37326077899890553
Train215.csv,Normal,0.5031,0.19221765906955518,0.061035632917774287,1.394974410502842,-0.12386371301868787,20.718779643269542,-0.0932512214035271,16.366920598381892,0.07093853125814181
Train216.csv,Side II,0.5059,0.40486731108400925,-0.7073528947353298,1.4834066096413077,-0.09630113335581289,24.145755141160535,-1.4855860548993391,15.631699428353988,-0.14847093159115038
Train217.csv,Side II,0.5071,0.6511908742873713,-0.061336596847321186,1.4805489599414619,-0.10969393637190823,13.255013403915711,0.10875773305144044,12.543935795869912,-0.032833006842479154
Train218.csv,Normal,0.5017,0.20261755820513638,0.05488848067163704,1.5255162547931893,-0.08163195307501718,4.811143221886558,0.3399422177458059,8.41322220301026,-0.07639468589260047
Train219.csv,Normal,1.0,0.06797458882015207,0.25918026414859413,1.4651302471755803,-0.02623194962300635,2.464450629206789,-2.045054080319243,5.010146501590375,-0.2228126199777194
Train220.csv,Normal,0.5043,0.565765233513155,-0.006149476881958575,1.629003709218647,-0.1110665655567057,12.147898459378846,0.562907253762206,13.546090039715263,0.3423485267783472
Train221.csv,Normal,0.507,0.4297939533585525,-0.07011921243788488,1.665487257759893,-0.06933544049121496,26.802255872636774,-0.3413465371067759,17.819857457930986,-0.1902779304173406
Train222.csv,Normal,0.5042,0.6697077870785566,0.13049856125486917,1.5369160720186144,-0.06438638970823689,34.57916472607539,-0.25353532837887344,18.72467867989365,-0.23358140743232206
Train223.csv,Normal,0.5002,0.09008360386657338,0.1142871591523539,1.3463835943303781,-0.12248866456182232,1.1635778503627277,-0.9392805862027962,5.661357648750107,-0.23491514694096868
Train224.csv,Normal,0.5081,0.6087538924858313,-0.16984017912026694,1.6907499335731755,-0.05992186210768292,40.23716200887698,0.19289075652211815,19.00819447224331,0.16028089230681083
Train225.csv,Normal,0.504,0.23709829636878021,0.006027954166829407,1.5179646017723938,-0.11799454422877868,42.36592859255047,-0.36280851748809373,19.601356393988592,-0.3863688571013152
Train226.csv,Normal,0.5071,0.5754169199041697,0.02324039620356154,1.4648493473744109,-0.08985741494761482,14.228730647037715,0.843463435489883,14.566187076869786,0.47945982011851196
Train227.csv,Normal,0.5045,0.286699512294587,-0.13366319255993933,1.5580289097005997,-0.06286678943854827,11.596485571486049,-1.1621941322991978,14.167347125230258,-0.6287854538421298
Train228.csv,Normal,1.0,0.06784749314821073,0.24981632952565472,1.4709895636355856,-0.06395953777430222,2.0632989902109573,-3.6905754787160254,5.208640622336293,0.02781540707262477
Train229.csv,Normal,1.0,0.0672841527487673,0.26809148244723,1.3666968274514864,-0.041933972523655556,2.4800998278805615,-2.0569863577214886,4.96241045824972,-0.19398351029350805
Train230.csv,Normal,0.5058,0.40645289870618184,0.057518092993305604,1.5017632671919385,-0.07013452970006515,13.692945597654795,0.33817403245966154,12.502178863344376,0.12040785232761092
Train231.csv,Normal,0.506,0.545074055179047,-0.15352351996140182,1.6448903909475294,-0.11561328565041018,38.779126931723056,-0.019430515368334785,21.371689925415644,0.11773022535545129
Train232.csv,Normal,0.503,0.10683696709302681,0.14300478003942244,1.6307142310937688,-0.09477570307256686,0.8702236879944836,-0.10513789063110376,5.389453916852801,-0.10044516562062654
Train233.csv,Normal,0.5073,0.4590795086795445,-0.10407537530076746,1.4343423457767543,-0.07195506688818071,29.48885112640029,-0.22196216447657144,15.503023540716338,-0.09676813619914196
Train234.csv,Normal,0.505,0.24722905928122613,0.0013558087927887672,1.5100335544693584,-0.06874426249197983,32.228454354285084,-0.8972065079390267,15.653478619077667,-0.28076197194070973
Train235.csv,Normal,0.5018,0.10927525168639343,0.1192574196759181,1.4673843427586095,-0.06780594641055783,10.536169571059967,0.12918787472618243,14.632560344897136,0.003032158082356103
Train236.csv,Normal,0.5036,0.2545209778008959,0.2838403576969245,1.3862379661255955,-0.036190462385669954,51.97931206769992,1.598824716110598,21.174710553690648,0.44079243943658714
Train237.csv,Normal,0.5074,0.4925310327620229,-0.21183154851905317,1.4645700312774235,-0.05884582842696879,43.011680166131,-0.24640068558226472,21.247458851725852,-0.14849867855605386
Train238.csv,Normal,0.5028,0.17186994293342334,0.08758324598547787,1.327942105792037,-0.07010154573747343,1.8573977174347838,0.28533108155201325,8.845543837709522,-0.015262584405851664
Train239.csv,Normal,1.0,0.06867221820307085,0.25076430949027717,1.5254946970839294,-0.09275958469188936,2.59267938884965,-1.9467774644290208,6.049192723322245,-0.014375531426046856
Train240.csv,Side II,0.5093,0.4731003508691884,-0.6754109246730734,1.5566712290780433,-0.1362860037618083,35.12271198093154,-0.10312148067652413,18.767275538206054,0.07482720843739567
Train241.csv,Normal,0.5029,0.6021852727654194,0.03694530942108859,1.5416570798394293,0.027304391723105854,13.342693412768904,0.5032253522072602,15.211867410064617,0.15660409292968686
Train242.csv,Normal,0.5056,0.4021581928389384,0.3533417898405875,1.577429845930348,-0.05581321359544908,17.15308082376204,0.2527049407141307,16.300109912932378,-0.0853324829875115
Train243.csv,Normal,0.5076,0.44694909620122547,-0.14780014649061066,1.5937957207779476,0.007781680899654496,29.24478318997099,-0.2992734549986063,15.920155969054028,-0.14436288939620623
Train244.csv,Normal,1.0,0.06780369086303044,0.25750806873167403,1.4632082117602443,-0.02940303505967672,2.315057643037756,-2.3687237728135457,4.918534306652996,-0.18340009657795225
Train245.csv,Normal,1.0,0.0680742221235696,0.25517454598585415,1.3855177810769637,-0.10508689041555873,2.374101331162685,-2.0967144749331412,5.762755758798373,-0.06712231448291447
Train246.csv,Normal,0.5064,0.5671746734762146,-0.08346085107457371,1.5191853468442718,-0.10029209186855466,11.656905609760429,0.6812208514757636,12.088482397550795,0.27202114095870344
Train247.csv,Normal,0.5022,0.15844370021414117,0.03202015947494888,1.3460452763680362,-0.14321286226330743,1.3342716505533243,-0.5798169860495067,8.834209604569637,-0.18076542073529944
Train248.csv,Side II,0.5107,0.6445073723745962,-0.33992387794177165,1.74527976123799,-0.06769900146588682,14.595057631476521,0.17156654269027918,12.349190380554141,0.4066152524404439
Train249.csv,Normal,1.0,0.06786188422962568,0.2493313029868211,1.4830079444857267,-0.07159343215502005,1.9582811663798687,-4.1755874457256095,4.8073153365282355,-0.1360026176798179
Train250.csv,Normal,0.503,0.2154602961448479,0.029627847991289695,1.5186499763513415,-0.07494323998429575,4.306693847723717,-0.18277964977153727,7.93939995954897,-0.12971130654827207
Train251.csv,Normal,0.5078,0.8039502820599269,-0.10975341331848534,1.56324365990212,-0.09662860074452803,54.874249503572074,-0.3179307932724901,28.894465710064647,0.057109679833063545
Train252.csv,Normal,1.0,0.06721298733922612,0.2633667759844114,1.3330153994006357,-0.06798440456837605,2.3582829674961685,-2.2555313410823694,5.2058813475300685,-0.08747610952074719
Train253.csv,Normal,0.4996,0.20021934995462173,0.05743292475903653,1.4351431535437542,-0.10459896128946516,4.588533562169072,-0.0960953464899499,9.407371813204758,-0.1353944662287482
Train254.csv,Normal,0.5034,0.19060517742640531,0.0638171601575525,1.5108524206687375,-0.07336203035115421,4.06393219725654,-0.20371486617417459,8.61956264775479,-0.04151140264325443
Train255.csv,Normal,0.508,0.8135925785507739,-0.043081331618346624,1.7470972998100405,-0.04672629278541807,23.808472354924206,-0.04501392043344233,16.63060945997369,-0.006545450023541819
Train256.csv,Normal,0.5081,0.3612770294165738,-0.10800535925023722,1.5443640055934234,-0.08513825294884739,23.433520478572767,-1.680205950171897,17.278190193956476,-0.7709974309867187
Train257.csv,Normal,1.0,0.06823265709336443,0.24880354680395095,1.3961636247266955,-0.12083341958709114,2.3887522429745998,-2.4483664852003644,5.415953700246163,-0.4187025835993486
Train258.csv,Normal,0.5076,0.5119465432143493,-0.05258800027807311,1.7259472720122067,-0.00806821852304864,9.544988758924495,0.3633916726269128,11.071101939682459,0.13245783216243326
Train259.csv,Normal,0.5042,0.23296037692620797,0.0027928135633246616,1.4373606016500577,-0.07758881928578959,57.35952387363044,-0.7277658711356204,23.663918115527615,-0.33584883885302363
Train260.csv,Normal,0.5064,0.24551857399659455,-0.16470608744359425,1.6190531512245183,-0.07617901074747534,60.05930597834981,-1.014782445171985,23.569176181486597,-0.023412587034686346
Train261.csv,Normal,0.5076,0.3267715167230851,-0.21653696158295033,1.3772098334585672,-0.026430417744397385,32.77198774583355,-0.4730720735179478,21.184504842241004,-0.07883154379298701
Train262.csv,Normal,0.5041,0.5001317484222183,-0.10077153733119502,1.6099798335291893,-0.08474092334905767,12.07071401761187,-0.05549840590248336,15.3606115364742,0.021238383808811396
Train263.csv,Normal,0.51,0.7505476340937441,0.012981183960080942,1.5170973618638843,-0.0772639359918825,4.076052738467229,0.4570749729260833,14.444462110169258,0.30923811492406184
Train264.csv,Normal,0.5045,0.12502233772508695,-0.08763275973048452,1.3678624124455996,-0.03068716439336896,307.12843789734325,-0.5122764239208778,37.13512113444106,-0.02022463612592897
Train265.csv,Side II,0.5057,0.458598450934392,0.3936420682140687,1.517769963467683,-0.04751476226517079,23.33887128797005,0.8282245601521244,12.947411655719577,0.22495495579405891
Train266.csv,Normal,0.503,0.11817930262392078,0.057750172489497806,1.5518192208988513,-0.059095976747915786,2.5782810778970577,-0.27617279560337205,8.772260598393114,0.06003286316688578
Train267.csv,Side II,0.5095,0.8077246745799725,-0.23826499183532535,1.8409648394951503,-0.4339822593021513,5.19257826614054,0.37428233461718996,10.472057275692553,0.4434260405991028
Train268.csv,Normal,0.5044,0.28026213486477514,0.20381373351658838,1.542184603229781,-0.06930269152320653,24.240187689172693,2.505571057849676,17.81726618926907,0.7802570134193089
Train269.csv,Normal,0.5068,0.4239552157613272,0.03911601370631731,1.657621719940132,-0.09631066252217071,66.52877171825527,1.3152171228261729,23.02228242342817,0.5821107810248599
Train270.csv,Normal,0.5035,0.2022276516531294,0.10821521939194233,1.4717720275327852,-0.0835523307215571,11.302763501995182,2.89380703077572,11.654708628541574,0.7903759353828118
Train271.csv,Normal,0.5029,0.21432739681306467,-0.015035138315666975,1.4230819302492037,-0.057981544850400364,57.24083921335892,0.2018572714209865,20.896840023708855,-0.07221362739911315
Train272.csv,Normal,0.503,0.205720545941857,0.010626997611868562,1.4828795762249338,-0.10813036432912253,7.491176844364022,-0.3000742577138265,13.558942050286781,-0.006250623012069657
